,o,h,l,c,v,d
2021-12-09 16:00:00+00:00,48462.08,48471.09,48400.25,48421.05,33.19742,-9.84886
2021-12-09 16:01:00+00:00,48421.06,48477.67,48400.0,48451.97,30.88797,3.75877
2021-12-09 16:02:00+00:00,48451.96,48499.52,48430.95,48450.0,34.58077,-2.56591
2021-12-09 16:03:00+00:00,48450.0,48458.6,48359.17,48369.67,36.80515,-13.13527
2021-12-09 16:04:00+00:00,48369.67,48387.2,48300.0,48316.97,20.64135,-5.38579
2021-12-09 16:05:00+00:00,48316.97,48383.62,48316.96,48321.76,19.85662,-1.10692
2021-12-09 16:06:00+00:00,48321.77,48429.44,48312.0,48409.06,30.80138,1.58166
2021-12-09 16:07:00+00:00,48409.06,48462.15,48404.38,48425.65,17.92321,-2.31785
2021-12-09 16:08:00+00:00,48425.64,48434.0,48385.9,48392.0,26.27059,-7.40073
2021-12-09 16:09:00+00:00,48390.99,48414.0,48373.11,48406.96,15.38413,3.18337
2021-12-09 16:10:00+00:00,48404.17,48450.0,48398.26,48437.24,12.46371,-1.90931
2021-12-09 16:11:00+00:00,48437.25,48449.51,48386.03,48398.25,23.45167,-5.69007
2021-12-09 16:12:00+00:00,48398.25,48398.28,48347.6,48350.0,13.2289,-2.28722
2021-12-09 16:13:00+00:00,48350.0,48365.0,48251.0,48282.4,35.8989,-9.33984
2021-12-09 16:14:00+00:00,48282.4,48321.0,48256.01,48271.68,20.20307,-2.21009
2021-12-09 16:15:00+00:00,48271.68,48326.36,48242.76,48326.36,22.6587,3.04832
2021-12-09 16:16:00+00:00,48326.36,48335.14,48272.81,48277.99,16.56836,0.458
2021-12-09 16:17:00+00:00,48278.0,48360.34,48150.61,48338.51,121.49389,-34.50623
2021-12-09 16:18:00+00:00,48338.52,48415.0,48326.93,48394.48,41.79241,8.92813
2021-12-09 16:19:00+00:00,48394.48,48428.8,48380.16,48402.83,16.18288,-1.27576
2021-12-09 16:20:00+00:00,48402.82,48421.43,48350.02,48354.86,19.63573,-1.46383
2021-12-09 16:21:00+00:00,48354.86,48388.11,48334.0,48385.69,20.84247,8.86547
2021-12-09 16:22:00+00:00,48385.69,48421.17,48377.39,48403.12,22.67236,13.85224
2021-12-09 16:23:00+00:00,48403.11,48425.0,48370.28,48420.63,36.84737,-0.65581
2021-12-09 16:24:00+00:00,48420.64,48476.77,48412.69,48463.04,19.7659,6.6856
2021-12-09 16:25:00+00:00,48463.04,48482.02,48425.64,48427.06,16.57488,1.21148
2021-12-09 16:26:00+00:00,48427.06,48443.87,48400.49,48415.99,10.70349,-0.27683
2021-12-09 16:27:00+00:00,48415.98,48500.0,48415.98,48492.82,19.29575,0.87743
2021-12-09 16:28:00+00:00,48492.82,48599.28,48481.11,48569.48,59.31386,12.5544
2021-12-09 16:29:00+00:00,48569.49,48575.29,48528.01,48550.0,24.11346,4.30542
2021-12-09 16:30:00+00:00,48544.45,48570.36,48500.0,48560.52,20.55332,-4.4265
2021-12-09 16:31:00+00:00,48560.52,48668.82,48560.51,48613.0,65.25778,-4.74242
2021-12-09 16:32:00+00:00,48612.99,48657.07,48603.01,48647.0,17.88621,-4.28919
2021-12-09 16:33:00+00:00,48645.99,48647.33,48604.07,48629.99,22.74937,-1.62149
2021-12-09 16:34:00+00:00,48630.0,48648.72,48600.04,48618.75,26.66594,-3.6086
2021-12-09 16:35:00+00:00,48618.75,48638.11,48581.24,48592.1,21.74366,-3.66616
2021-12-09 16:36:00+00:00,48592.1,48649.0,48573.01,48647.73,15.04572,-0.2236
2021-12-09 16:37:00+00:00,48647.74,48647.74,48604.96,48634.03,14.38838,0.01154
2021-12-09 16:38:00+00:00,48634.03,48635.97,48608.5,48617.59,8.88425,-2.68405
2021-12-09 16:39:00+00:00,48617.58,48729.92,48617.58,48729.91,20.26567,8.32501
2021-12-09 16:40:00+00:00,48729.92,48838.29,48700.01,48713.78,129.73702,43.90572
2021-12-09 16:41:00+00:00,48711.23,48795.74,48711.22,48740.01,30.41867,-0.48853
2021-12-09 16:42:00+00:00,48740.01,48743.71,48687.6,48700.36,26.43937,-13.09767
2021-12-09 16:43:00+00:00,48700.36,48710.28,48665.49,48665.49,15.98573,-2.95331
2021-12-09 16:44:00+00:00,48665.5,48704.16,48665.49,48670.01,24.59263,6.00103
2021-12-09 16:45:00+00:00,48670.01,48683.54,48580.0,48592.6,22.37004,8.03932
2021-12-09 16:46:00+00:00,48592.6,48680.54,48592.6,48653.36,36.48524,16.90386
2021-12-09 16:47:00+00:00,48653.37,48695.77,48650.0,48670.09,16.14957,2.70753
2021-12-09 16:48:00+00:00,48670.1,48698.9,48613.44,48689.27,102.37469,-37.08471
2021-12-09 16:49:00+00:00,48689.28,48702.09,48654.97,48656.87,18.97107,-1.92111
2021-12-09 16:50:00+00:00,48654.97,48699.99,48650.75,48681.73,13.01653,2.44113
2021-12-09 16:51:00+00:00,48681.72,48681.73,48643.86,48660.01,18.01154,-4.26514
2021-12-09 16:52:00+00:00,48660.01,48699.98,48660.0,48693.73,28.94981,4.68765
2021-12-09 16:53:00+00:00,48693.73,48696.13,48613.44,48636.84,63.12403,-34.52657
2021-12-09 16:54:00+00:00,48636.84,48680.78,48629.99,48672.13,26.98044,7.42792
2021-12-09 16:55:00+00:00,48672.13,48706.64,48659.35,48695.75,16.35741,3.74265
2021-12-09 16:56:00+00:00,48695.75,48699.02,48650.0,48659.82,18.7983,-15.5317
2021-12-09 16:57:00+00:00,48663.71,48678.94,48612.38,48617.8,23.21013,4.29171
2021-12-09 16:58:00+00:00,48617.8,48638.63,48529.41,48562.67,23.36645,-11.99473
2021-12-09 16:59:00+00:00,48562.68,48571.1,48504.97,48504.98,11.13805,-3.08877
2021-12-09 17:00:00+00:00,48504.97,48539.98,48461.42,48511.09,52.13817,-15.83589
2021-12-09 17:01:00+00:00,48511.09,48572.98,48511.08,48559.57,21.4514,4.558
2021-12-09 17:02:00+00:00,48559.58,48683.43,48538.63,48657.95,66.31384,32.48004
2021-12-09 17:03:00+00:00,48657.03,48705.15,48612.34,48623.31,37.97775,-7.00153
2021-12-09 17:04:00+00:00,48623.31,48641.29,48615.82,48623.75,9.5125,-1.64806
2021-12-09 17:05:00+00:00,48623.74,48623.75,48573.69,48580.38,9.45786,-3.89566
2021-12-09 17:06:00+00:00,48580.39,48600.55,48560.0,48600.54,19.27907,0.38283
2021-12-09 17:07:00+00:00,48600.54,48628.62,48600.54,48624.59,8.81892,-0.23422
2021-12-09 17:08:00+00:00,48624.6,48641.14,48610.0,48610.0,12.9581,-0.81442
2021-12-09 17:09:00+00:00,48610.0,48629.22,48610.0,48614.53,11.09988,-0.18574
2021-12-09 17:10:00+00:00,48610.86,48620.49,48571.38,48603.01,23.50961,-8.16163
2021-12-09 17:11:00+00:00,48603.01,48633.85,48598.16,48629.28,19.43852,-9.35022
2021-12-09 17:12:00+00:00,48629.28,48659.52,48607.26,48607.26,11.09724,-2.77176
2021-12-09 17:13:00+00:00,48607.26,48636.22,48592.01,48605.12,25.92299,0.77285
2021-12-09 17:14:00+00:00,48605.12,48653.99,48605.12,48640.43,19.12718,1.17666
2021-12-09 17:15:00+00:00,48640.44,48645.75,48600.02,48612.28,10.31785,0.70763
2021-12-09 17:16:00+00:00,48612.27,48666.66,48610.0,48666.65,10.72669,2.95363
2021-12-09 17:17:00+00:00,48666.66,48698.9,48663.96,48698.89,15.01342,4.40838
2021-12-09 17:18:00+00:00,48698.9,48698.9,48600.72,48611.31,18.48362,-5.9255
2021-12-09 17:19:00+00:00,48611.31,48626.16,48606.86,48617.79,4.14046,0.80226
2021-12-09 17:20:00+00:00,48617.78,48617.79,48584.38,48600.77,8.4233,-2.53402
2021-12-09 17:21:00+00:00,48600.78,48600.78,48553.36,48578.21,15.29689,-5.40659
2021-12-09 17:22:00+00:00,48578.21,48626.03,48570.39,48594.63,15.1639,2.7131
2021-12-09 17:23:00+00:00,48594.64,48600.01,48571.01,48593.08,17.27131,-2.97463
2021-12-09 17:24:00+00:00,48593.08,48650.0,48585.99,48638.46,18.03648,1.29634
2021-12-09 17:25:00+00:00,48636.57,48691.92,48621.0,48676.8,41.18835,19.31593
2021-12-09 17:26:00+00:00,48676.8,48678.97,48581.01,48585.02,14.07153,-4.86561
2021-12-09 17:27:00+00:00,48585.02,48593.04,48540.0,48551.31,14.98182,-6.22588
2021-12-09 17:28:00+00:00,48550.73,48563.14,48540.3,48562.75,9.69964,-1.24244
2021-12-09 17:29:00+00:00,48559.55,48580.01,48559.54,48560.0,9.85318,-2.78444
2021-12-09 17:30:00+00:00,48560.0,48560.01,48461.42,48488.89,24.36224,-7.88904
2021-12-09 17:31:00+00:00,48492.38,48492.38,48473.67,48488.86,11.46918,-0.96282
2021-12-09 17:32:00+00:00,48488.87,48525.61,48486.49,48520.03,17.84398,1.8659
2021-12-09 17:33:00+00:00,48520.03,48568.05,48508.62,48567.29,22.84265,-6.91843
2021-12-09 17:34:00+00:00,48567.29,48568.05,48515.11,48533.69,9.77684,-3.38378
2021-12-09 17:35:00+00:00,48533.69,48574.99,48520.19,48525.43,22.73426,-5.4008
2021-12-09 17:36:00+00:00,48529.7,48554.87,48519.05,48539.49,16.01484,0.55892
2021-12-09 17:37:00+00:00,48539.49,48539.5,48491.12,48491.12,12.52299,-2.60951
2021-12-09 17:38:00+00:00,48491.13,48495.17,48426.25,48453.29,38.92443,14.60357
2021-12-09 17:39:00+00:00,48451.97,48463.25,48411.24,48448.78,30.35585,-9.84101
2021-12-09 17:40:00+00:00,48448.77,48479.34,48435.57,48459.78,28.02667,7.35897
2021-12-09 17:41:00+00:00,48459.77,48544.54,48458.19,48502.91,36.48446,24.04394
2021-12-09 17:42:00+00:00,48502.91,48542.51,48476.53,48505.84,17.81188,-0.94784
2021-12-09 17:43:00+00:00,48505.84,48507.03,48440.16,48445.93,18.02415,-5.17623
2021-12-09 17:44:00+00:00,48445.93,48453.31,48400.0,48403.51,10.69841,0.31323
2021-12-09 17:45:00+00:00,48403.48,48465.97,48403.47,48428.69,26.53248,-1.94172
2021-12-09 17:46:00+00:00,48428.69,48431.62,48413.61,48426.78,5.42267,0.47485
2021-12-09 17:47:00+00:00,48426.78,48471.05,48424.06,48427.39,10.96142,3.1045
2021-12-09 17:48:00+00:00,48427.39,48449.3,48427.09,48438.95,10.53923,-0.63773
2021-12-09 17:49:00+00:00,48438.95,48462.01,48437.62,48455.96,12.00467,3.06559
2021-12-09 17:50:00+00:00,48455.97,48463.75,48416.51,48417.57,13.75201,1.95869
2021-12-09 17:51:00+00:00,48417.57,48507.74,48404.16,48491.82,33.16287,8.33037
2021-12-09 17:52:00+00:00,48491.83,48520.07,48426.76,48438.2,22.19856,-3.09466
2021-12-09 17:53:00+00:00,48438.21,48460.04,48427.7,48432.6,15.23131,-0.26225
2021-12-09 17:54:00+00:00,48432.6,48443.64,48360.0,48360.0,24.51334,-2.02672
2021-12-09 17:55:00+00:00,48360.0,48383.58,48350.07,48381.72,15.31994,-0.24872
2021-12-09 17:56:00+00:00,48381.72,48381.72,48300.9,48306.01,19.25495,-6.20619
2021-12-09 17:57:00+00:00,48306.01,48335.08,48272.57,48293.18,26.27427,2.39881
2021-12-09 17:58:00+00:00,48293.19,48306.0,48125.0,48127.99,44.72591,-16.28447
2021-12-09 17:59:00+00:00,48127.99,48205.56,48127.99,48171.65,50.30446,2.69566
2021-12-09 18:00:00+00:00,48171.66,48265.31,48171.65,48265.31,39.33272,2.32488
2021-12-09 18:01:00+00:00,48261.6,48292.58,48230.0,48255.99,38.34556,0.76678
2021-12-09 18:02:00+00:00,48255.99,48300.0,48233.92,48293.52,20.94682,3.16356
2021-12-09 18:03:00+00:00,48293.39,48363.42,48277.0,48289.97,53.76145,16.65925
2021-12-09 18:04:00+00:00,48289.97,48289.98,48142.08,48220.57,36.78634,-16.3849
2021-12-09 18:05:00+00:00,48220.58,48264.42,48162.65,48192.99,15.03328,-3.73744
2021-12-09 18:06:00+00:00,48192.98,48239.77,48181.94,48203.21,19.90815,-2.84815
2021-12-09 18:07:00+00:00,48203.21,48300.0,48203.21,48279.85,17.02044,4.29444
2021-12-09 18:08:00+00:00,48279.84,48300.0,48269.8,48269.8,14.27011,-0.66871
2021-12-09 18:09:00+00:00,48269.8,48333.28,48269.8,48322.5,11.64713,3.80669
2021-12-09 18:10:00+00:00,48322.5,48350.0,48276.3,48300.23,11.72683,-0.50421
2021-12-09 18:11:00+00:00,48300.23,48311.23,48270.0,48274.31,10.31554,-2.25612
2021-12-09 18:12:00+00:00,48274.32,48283.05,48236.68,48259.18,10.04726,1.6882
2021-12-09 18:13:00+00:00,48259.18,48259.21,48200.0,48200.07,11.94605,-4.36099
2021-12-09 18:14:00+00:00,48200.06,48267.19,48200.0,48260.0,14.43437,1.03229
2021-12-09 18:15:00+00:00,48259.99,48315.5,48205.09,48247.88,35.83551,-16.45145
2021-12-09 18:16:00+00:00,48247.88,48350.0,48240.88,48344.39,23.39579,6.42513
2021-12-09 18:17:00+00:00,48344.38,48350.0,48302.04,48308.95,23.02273,6.95703
2021-12-09 18:18:00+00:00,48308.96,48348.87,48277.53,48292.3,25.53056,4.4442
2021-12-09 18:19:00+00:00,48289.17,48321.4,48262.22,48274.6,8.9135,-3.36538
2021-12-09 18:20:00+00:00,48274.6,48307.0,48254.05,48276.79,10.47728,1.16168
2021-12-09 18:21:00+00:00,48276.78,48276.79,48160.0,48171.0,24.73562,-9.77944
2021-12-09 18:22:00+00:00,48170.99,48171.0,48118.05,48150.0,31.25459,-2.44109
2021-12-09 18:23:00+00:00,48150.0,48157.0,48000.0,48121.66,159.62083,-69.73561
2021-12-09 18:24:00+00:00,48121.67,48193.99,48055.41,48138.3,68.24915,-1.28295
2021-12-09 18:25:00+00:00,48138.29,48180.71,48050.59,48066.13,72.45619,-5.15127
2021-12-09 18:26:00+00:00,48066.13,48072.24,47885.0,47964.25,233.24593,-62.08829
2021-12-09 18:27:00+00:00,47964.25,47985.96,47547.93,47806.38,360.72372,-126.78854
2021-12-09 18:28:00+00:00,47813.81,47855.52,47678.0,47817.0,98.8646,10.12552
2021-12-09 18:29:00+00:00,47819.8,47985.3,47791.0,47884.73,195.81371,-16.39093
2021-12-09 18:30:00+00:00,47884.72,47885.9,47796.84,47838.34,66.00139,0.85725
2021-12-09 18:31:00+00:00,47838.36,47863.02,47750.01,47755.01,29.56819,-2.02637
2021-12-09 18:32:00+00:00,47755.01,47859.02,47755.0,47810.04,37.83084,15.31352
2021-12-09 18:33:00+00:00,47810.04,47826.99,47694.32,47694.32,53.21158,4.31446
2021-12-09 18:34:00+00:00,47694.32,47767.11,47556.35,47667.3,141.87722,-41.95822
2021-12-09 18:35:00+00:00,47667.3,47683.45,47537.26,47565.69,85.86911,-33.89627
2021-12-09 18:36:00+00:00,47570.85,47645.25,47565.69,47634.75,55.75349,9.93573
2021-12-09 18:37:00+00:00,47634.75,47748.96,47610.47,47689.33,30.97011,2.94537
2021-12-09 18:38:00+00:00,47689.33,47757.9,47689.33,47734.28,40.10801,15.89435
2021-12-09 18:39:00+00:00,47734.29,47843.07,47726.01,47771.78,70.14363,18.11995
2021-12-09 18:40:00+00:00,47771.78,47778.01,47668.05,47748.55,50.88067,-27.03565
2021-12-09 18:41:00+00:00,47748.55,47748.56,47680.0,47685.66,15.7938,-0.81858
2021-12-09 18:42:00+00:00,47685.65,47733.47,47650.55,47668.6,23.09799,-2.26545
2021-12-09 18:43:00+00:00,47668.6,47745.27,47657.22,47714.12,39.68717,12.14783
2021-12-09 18:44:00+00:00,47714.13,47743.61,47683.0,47683.01,32.80538,3.2859
2021-12-09 18:45:00+00:00,47683.0,47773.87,47660.38,47743.84,37.98497,10.03003
2021-12-09 18:46:00+00:00,47743.84,47743.84,47672.62,47686.35,21.27299,0.77063
2021-12-09 18:47:00+00:00,47686.35,47705.42,47570.49,47614.95,49.8062,-7.65308
2021-12-09 18:48:00+00:00,47614.95,47614.96,47520.0,47566.72,65.29844,-13.80788
2021-12-09 18:49:00+00:00,47566.73,47649.99,47546.92,47601.38,48.71767,2.27983
2021-12-09 18:50:00+00:00,47601.38,47608.99,47510.0,47516.78,60.74578,-0.03176
2021-12-09 18:51:00+00:00,47516.78,47555.0,47510.0,47532.64,48.1163,5.97424
2021-12-09 18:52:00+00:00,47532.65,47553.75,47500.0,47542.98,64.63464,-4.68574
2021-12-09 18:53:00+00:00,47542.98,47632.2,47530.01,47606.41,36.34047,13.22999
2021-12-09 18:54:00+00:00,47606.42,47686.85,47606.41,47631.04,54.49522,13.8676
2021-12-09 18:55:00+00:00,47631.04,47684.84,47609.39,47665.02,20.17286,1.98922
2021-12-09 18:56:00+00:00,47665.01,47814.61,47665.01,47745.25,75.77455,6.02507
2021-12-09 18:57:00+00:00,47745.25,47839.0,47701.21,47839.0,36.90415,-2.66997
2021-12-09 18:58:00+00:00,47838.99,47850.0,47770.45,47791.54,57.01794,-11.2607
2021-12-09 18:59:00+00:00,47793.94,47793.94,47714.98,47753.24,28.75472,-1.133
2021-12-09 19:00:00+00:00,47751.87,47823.92,47715.01,47800.0,35.31876,6.94756
2021-12-09 19:01:00+00:00,47800.0,47888.28,47799.99,47850.0,46.78706,22.12248
2021-12-09 19:02:00+00:00,47850.01,47858.63,47810.0,47817.53,22.00075,-2.63513
2021-12-09 19:03:00+00:00,47817.52,47817.53,47780.0,47791.41,17.35652,4.67042
2021-12-09 19:04:00+00:00,47791.4,47808.73,47744.04,47774.62,30.56867,9.86211
2021-12-09 19:05:00+00:00,47774.62,47800.04,47763.11,47768.22,8.33402,-0.11096
2021-12-09 19:06:00+00:00,47763.11,47863.36,47760.0,47847.19,27.56449,9.41747
2021-12-09 19:07:00+00:00,47847.19,47886.0,47835.56,47870.26,20.95855,9.25515
2021-12-09 19:08:00+00:00,47870.27,47986.62,47850.11,47915.91,41.11089,15.58805
2021-12-09 19:09:00+00:00,47924.25,48018.63,47784.22,47847.52,130.32771,-10.91207
2021-12-09 19:10:00+00:00,47847.52,47847.53,47653.14,47653.14,39.88889,-10.81909
2021-12-09 19:11:00+00:00,47653.14,47705.7,47600.68,47657.2,50.0431,-4.54276
2021-12-09 19:12:00+00:00,47657.21,47710.55,47617.37,47693.22,40.13704,8.90716
2021-12-09 19:13:00+00:00,47693.22,47700.21,47623.37,47640.28,25.65562,-0.32938
2021-12-09 19:14:00+00:00,47640.29,47654.75,47614.0,47648.23,15.05372,0.7643
2021-12-09 19:15:00+00:00,47648.22,47649.98,47552.0,47636.79,46.39269,-17.96539
2021-12-09 19:16:00+00:00,47636.8,47690.16,47617.86,47665.44,18.22909,2.86877
2021-12-09 19:17:00+00:00,47665.44,47742.49,47657.8,47716.93,35.21191,18.11761
2021-12-09 19:18:00+00:00,47721.62,47800.0,47716.93,47791.11,29.216,5.4097
2021-12-09 19:19:00+00:00,47791.11,47791.11,47712.68,47743.27,22.61945,3.04261
2021-12-09 19:20:00+00:00,47743.26,47794.5,47735.75,47772.19,14.90552,1.15772
2021-12-09 19:21:00+00:00,47772.19,47778.74,47710.4,47714.76,14.28422,-5.24612
2021-12-09 19:22:00+00:00,47714.75,47761.93,47678.97,47749.33,13.09988,-1.80872
2021-12-09 19:23:00+00:00,47747.63,47848.9,47718.42,47848.9,24.8379,2.84158
2021-12-09 19:24:00+00:00,47848.9,47862.01,47785.89,47830.8,27.87156,-8.32224
2021-12-09 19:25:00+00:00,47830.8,47840.53,47776.0,47825.43,14.31423,-2.00661
2021-12-09 19:26:00+00:00,47825.43,47825.43,47767.53,47776.19,14.60979,-1.71183
2021-12-09 19:27:00+00:00,47776.2,47815.11,47767.03,47767.04,19.64111,6.71507
2021-12-09 19:28:00+00:00,47767.03,47800.0,47765.5,47789.76,11.61942,-3.86452
2021-12-09 19:29:00+00:00,47789.79,47792.18,47764.01,47783.52,13.6047,0.9915
2021-12-09 19:30:00+00:00,47783.53,47839.49,47783.53,47829.77,22.17437,10.96437
2021-12-09 19:31:00+00:00,47829.83,47850.0,47760.0,47760.0,19.54458,-6.15866
2021-12-09 19:32:00+00:00,47760.0,47785.79,47721.72,47744.79,19.80299,-4.23737
2021-12-09 19:33:00+00:00,47744.79,47802.56,47725.64,47790.79,13.24541,-0.36001
2021-12-09 19:34:00+00:00,47790.81,47873.08,47779.0,47828.95,29.12617,8.77155
2021-12-09 19:35:00+00:00,47832.71,47843.36,47800.01,47811.15,16.61361,-3.47957
2021-12-09 19:36:00+00:00,47811.16,47850.06,47810.82,47830.0,13.34088,1.99642
2021-12-09 19:37:00+00:00,47830.0,47930.0,47827.02,47918.01,30.75514,4.8183
2021-12-09 19:38:00+00:00,47918.0,47924.01,47866.76,47883.74,13.76087,-0.58501
2021-12-09 19:39:00+00:00,47883.73,47919.99,47880.02,47900.0,23.37856,1.55004
2021-12-09 19:40:00+00:00,47900.0,47937.79,47899.99,47924.16,19.53532,-1.34156
2021-12-09 19:41:00+00:00,47924.16,47963.15,47914.92,47918.28,51.2301,0.7845
2021-12-09 19:42:00+00:00,47918.28,47918.28,47805.94,47812.99,35.80958,-16.28008
2021-12-09 19:43:00+00:00,47813.0,47818.39,47756.0,47768.16,17.55094,-3.82984
2021-12-09 19:44:00+00:00,47765.0,47858.74,47724.86,47771.51,65.8107,-15.17412
2021-12-09 19:45:00+00:00,47774.88,47796.87,47720.83,47734.38,29.40851,6.04227
2021-12-09 19:46:00+00:00,47734.38,47788.5,47707.38,47754.63,33.63215,-0.08571
2021-12-09 19:47:00+00:00,47754.64,47785.35,47721.72,47737.29,22.81776,-0.00164
2021-12-09 19:48:00+00:00,47737.28,47768.52,47730.22,47741.69,17.26888,2.07638
2021-12-09 19:49:00+00:00,47741.7,47832.3,47731.58,47832.12,21.46646,5.34704
2021-12-09 19:50:00+00:00,47832.12,47861.42,47805.37,47825.35,30.15849,-9.66759
2021-12-09 19:51:00+00:00,47825.34,47864.41,47822.25,47839.91,16.78082,6.29474
2021-12-09 19:52:00+00:00,47839.91,47866.21,47761.09,47791.86,32.88954,-20.85004
2021-12-09 19:53:00+00:00,47791.85,47794.99,47750.79,47774.88,13.56606,0.99678
2021-12-09 19:54:00+00:00,47774.87,47774.88,47730.0,47739.92,16.26292,-4.34772
2021-12-09 19:55:00+00:00,47739.92,47750.0,47700.0,47700.0,7.83787,-1.49827
2021-12-09 19:56:00+00:00,47700.01,47704.92,47650.0,47664.08,30.64117,-2.90547
2021-12-09 19:57:00+00:00,47664.08,47707.13,47628.11,47700.0,29.99506,-2.68228
2021-12-09 19:58:00+00:00,47700.01,47723.9,47684.7,47684.71,13.30957,-3.31165
2021-12-09 19:59:00+00:00,47684.71,47687.43,47610.0,47613.53,19.37786,-6.91258
2021-12-09 20:00:00+00:00,47615.89,47639.99,47556.54,47622.66,32.48367,12.13053
2021-12-09 20:01:00+00:00,47622.67,47711.0,47615.53,47701.42,25.2616,3.84212
2021-12-09 20:02:00+00:00,47701.42,47702.0,47658.49,47662.57,16.97593,-1.25171
2021-12-09 20:03:00+00:00,47662.56,47699.21,47574.14,47600.0,27.45793,0.70913
2021-12-09 20:04:00+00:00,47600.0,47618.93,47560.24,47560.24,26.17596,4.17592
2021-12-09 20:05:00+00:00,47560.24,47593.44,47525.34,47546.41,54.96504,0.04564
2021-12-09 20:06:00+00:00,47550.05,47610.39,47520.22,47549.62,23.15354,-2.22782
2021-12-09 20:07:00+00:00,47549.61,47557.78,47500.22,47500.32,24.56703,-0.08251
2021-12-09 20:08:00+00:00,47500.32,47561.32,47464.0,47531.68,148.56746,-24.38612
2021-12-09 20:09:00+00:00,47531.68,47531.69,47422.98,47474.84,46.3633,-11.8114
2021-12-09 20:10:00+00:00,47474.83,47540.35,47466.13,47523.78,39.09088,3.02298
2021-12-09 20:11:00+00:00,47523.79,47527.95,47422.98,47424.23,31.63602,0.38898
2021-12-09 20:12:00+00:00,47424.24,47428.18,47373.34,47383.05,86.47801,-16.12625
2021-12-09 20:13:00+00:00,47383.05,47455.21,47359.61,47369.22,38.52295,1.79965
2021-12-09 20:14:00+00:00,47368.63,47426.97,47366.47,47398.99,23.3264,-0.91776
2021-12-09 20:15:00+00:00,47396.77,47515.6,47387.56,47484.0,33.34442,11.26568
2021-12-09 20:16:00+00:00,47484.02,47640.0,47463.01,47610.0,63.41772,23.08598
2021-12-09 20:17:00+00:00,47610.01,47639.09,47540.92,47587.78,31.68534,-0.3794
2021-12-09 20:18:00+00:00,47587.77,47631.37,47581.77,47593.45,21.96321,2.71495
2021-12-09 20:19:00+00:00,47593.45,47684.07,47516.78,47668.48,30.1008,-0.27166
2021-12-09 20:20:00+00:00,47668.48,47719.76,47600.0,47608.32,28.41382,5.53704
2021-12-09 20:21:00+00:00,47608.32,47636.14,47557.31,47561.9,14.6481,-2.2551
2021-12-09 20:22:00+00:00,47561.9,47564.28,47510.23,47537.36,27.89854,3.91904
2021-12-09 20:23:00+00:00,47537.35,47626.05,47517.58,47603.73,15.20852,2.29162
2021-12-09 20:24:00+00:00,47603.73,47618.94,47547.03,47561.55,13.0622,2.76312
2021-12-09 20:25:00+00:00,47561.54,47561.55,47415.57,47485.45,30.66192,-2.952
2021-12-09 20:26:00+00:00,47485.44,47513.0,47428.01,47496.79,15.11078,-0.49848
2021-12-09 20:27:00+00:00,47496.8,47600.0,47488.74,47598.51,15.38874,6.19226
2021-12-09 20:28:00+00:00,47599.99,47600.0,47545.32,47563.62,18.85786,5.50288
2021-12-09 20:29:00+00:00,47564.41,47575.44,47513.43,47520.81,11.71755,-2.17813
2021-12-09 20:30:00+00:00,47520.8,47612.95,47475.43,47596.02,16.64406,2.87824
2021-12-09 20:31:00+00:00,47595.99,47600.0,47539.59,47550.0,12.97183,-1.88857
2021-12-09 20:32:00+00:00,47550.01,47550.01,47500.0,47500.01,13.12036,-6.83308
2021-12-09 20:33:00+00:00,47500.0,47511.86,47420.61,47429.41,21.81849,7.19045
2021-12-09 20:34:00+00:00,47433.89,47433.89,47390.0,47407.01,23.96631,3.22765
2021-12-09 20:35:00+00:00,47407.01,47444.72,47390.01,47407.28,27.4922,-2.98188
2021-12-09 20:36:00+00:00,47407.27,47478.09,47333.0,47349.98,56.81844,-19.33174
2021-12-09 20:37:00+00:00,47349.98,47398.64,47338.12,47384.68,18.65384,-0.86068
2021-12-09 20:38:00+00:00,47384.68,47471.14,47369.01,47431.52,28.99028,12.49532
2021-12-09 20:39:00+00:00,47431.53,47475.58,47411.21,47466.91,26.54801,11.71371
2021-12-09 20:40:00+00:00,47468.1,47471.92,47378.84,47378.85,11.74243,-0.00441
2021-12-09 20:41:00+00:00,47378.85,47416.24,47374.12,47386.23,13.3052,-4.26294
2021-12-09 20:42:00+00:00,47384.53,47394.1,47359.01,47370.0,11.69128,-0.44616
2021-12-09 20:43:00+00:00,47370.0,47394.0,47320.0,47375.45,24.46085,4.26637
2021-12-09 20:44:00+00:00,47374.55,47413.54,47349.6,47375.43,26.76865,9.16793
2021-12-09 20:45:00+00:00,47375.43,47395.73,47327.03,47330.99,28.49977,1.05827
2021-12-09 20:46:00+00:00,47330.99,47411.18,47326.31,47400.27,33.36038,-2.24364
2021-12-09 20:47:00+00:00,47400.28,47434.98,47342.48,47426.16,26.48458,6.95598
2021-12-09 20:48:00+00:00,47426.16,47577.35,47420.77,47472.43,56.4821,1.56114
2021-12-09 20:49:00+00:00,47468.03,47480.47,47393.22,47406.91,24.33013,3.71673
2021-12-09 20:50:00+00:00,47406.92,47425.45,47361.93,47388.39,22.62333,-1.93759
2021-12-09 20:51:00+00:00,47388.39,47474.31,47388.39,47439.26,22.96322,6.38158
2021-12-09 20:52:00+00:00,47439.26,47511.09,47439.25,47495.15,46.88827,-16.85689
2021-12-09 20:53:00+00:00,47495.14,47501.39,47441.44,47462.05,16.45068,-3.92308
2021-12-09 20:54:00+00:00,47462.05,47529.14,47444.19,47479.15,33.29875,8.20763
2021-12-09 20:55:00+00:00,47479.15,47507.47,47442.0,47450.28,31.25648,-6.70906
2021-12-09 20:56:00+00:00,47450.28,47560.0,47413.01,47503.41,34.96715,3.11369
2021-12-09 20:57:00+00:00,47503.4,47577.42,47503.4,47550.82,32.12153,9.37253
2021-12-09 20:58:00+00:00,47550.82,47678.84,47550.0,47659.0,62.19299,26.99421
2021-12-09 20:59:00+00:00,47659.01,47724.39,47636.66,47683.61,51.47722,16.1452
2021-12-09 21:00:00+00:00,47683.61,47766.42,47642.87,47739.04,35.37194,4.69036
2021-12-09 21:01:00+00:00,47739.04,47785.33,47705.42,47728.06,40.00747,12.54975
2021-12-09 21:02:00+00:00,47728.06,47740.02,47667.0,47672.17,27.71807,-8.08919
2021-12-09 21:03:00+00:00,47672.17,47672.18,47573.23,47580.97,46.11501,-7.65363
2021-12-09 21:04:00+00:00,47577.22,47604.93,47563.45,47594.35,14.56052,3.0419
2021-12-09 21:05:00+00:00,47594.35,47624.54,47568.65,47601.64,18.86074,0.66144
2021-12-09 21:06:00+00:00,47601.65,47628.73,47574.3,47605.98,22.21953,1.37605
2021-12-09 21:07:00+00:00,47605.99,47677.55,47602.23,47666.0,17.8799,5.26852
2021-12-09 21:08:00+00:00,47666.0,47753.11,47659.71,47750.01,21.7333,6.85346
2021-12-09 21:09:00+00:00,47750.0,47779.43,47707.99,47708.0,27.39377,-0.92499
2021-12-09 21:10:00+00:00,47708.0,47771.51,47707.99,47730.43,38.66754,-3.2892
2021-12-09 21:11:00+00:00,47730.42,47739.05,47693.64,47715.77,22.53717,2.10173
2021-12-09 21:12:00+00:00,47715.77,47744.14,47704.42,47744.1,20.60496,10.34814
2021-12-09 21:13:00+00:00,47744.09,47787.43,47730.46,47781.6,11.01188,1.07464
2021-12-09 21:14:00+00:00,47778.43,47790.27,47750.0,47761.98,20.16038,0.51434
2021-12-09 21:15:00+00:00,47761.98,47786.77,47742.25,47786.76,11.5763,4.65942
2021-12-09 21:16:00+00:00,47786.76,47787.49,47707.31,47722.11,49.14269,-1.59593
2021-12-09 21:17:00+00:00,47722.11,47742.48,47707.33,47742.48,19.72314,5.6831
2021-12-09 21:18:00+00:00,47742.47,47889.76,47742.47,47877.49,45.41375,18.62787
2021-12-09 21:19:00+00:00,47880.12,47936.06,47850.8,47866.59,37.02553,-2.13961
2021-12-09 21:20:00+00:00,47866.64,47915.0,47830.02,47845.67,40.28473,-10.19813
2021-12-09 21:21:00+00:00,47845.68,47872.34,47791.24,47857.5,22.02304,-2.08842
2021-12-09 21:22:00+00:00,47857.5,47857.51,47829.49,47846.58,13.41622,3.52582
2021-12-09 21:23:00+00:00,47846.58,47916.44,47750.34,47804.58,86.81257,-41.08549
2021-12-09 21:24:00+00:00,47804.59,47821.37,47768.77,47791.47,39.37471,19.63261
2021-12-09 21:25:00+00:00,47790.0,47798.69,47750.09,47753.06,9.70395,-2.16847
2021-12-09 21:26:00+00:00,47753.08,47823.27,47743.59,47804.87,28.69929,2.41587
2021-12-09 21:27:00+00:00,47801.53,47947.19,47801.53,47924.73,29.55061,14.09801
2021-12-09 21:28:00+00:00,47924.73,47968.86,47913.33,47917.26,30.93005,3.76639
2021-12-09 21:29:00+00:00,47917.27,47917.27,47851.7,47881.96,11.08948,-0.73298
2021-12-09 21:30:00+00:00,47881.96,47897.26,47836.42,47883.82,10.01128,-0.49386
2021-12-09 21:31:00+00:00,47883.81,47883.82,47841.61,47847.89,11.94444,-4.51354
2021-12-09 21:32:00+00:00,47847.89,47866.25,47791.42,47828.23,26.71098,-6.93136
2021-12-09 21:33:00+00:00,47828.24,47838.99,47819.83,47826.93,11.8311,0.6654
2021-12-09 21:34:00+00:00,47824.35,47831.96,47803.34,47831.95,9.0322,0.18292
2021-12-09 21:35:00+00:00,47831.95,47856.34,47734.95,47745.4,44.49419,5.53467
2021-12-09 21:36:00+00:00,47745.4,47783.93,47745.4,47777.82,36.50914,10.56024
2021-12-09 21:37:00+00:00,47777.82,47817.89,47777.81,47809.75,31.19494,24.01796
2021-12-09 21:38:00+00:00,47809.76,47855.17,47800.0,47816.89,12.798,-2.1047
2021-12-09 21:39:00+00:00,47816.88,47925.05,47816.88,47914.8,31.26477,14.21731
2021-12-09 21:40:00+00:00,47914.81,47948.57,47895.09,47910.98,39.69053,-7.87027
2021-12-09 21:41:00+00:00,47910.98,47910.99,47864.33,47868.44,13.39162,-2.33686
2021-12-09 21:42:00+00:00,47868.44,48040.0,47861.75,47982.54,52.3262,-0.0994
2021-12-09 21:43:00+00:00,47982.54,48032.09,47951.72,48016.11,17.38277,5.00515
2021-12-09 21:44:00+00:00,48016.11,48111.0,48016.1,48110.99,46.65428,11.00204
2021-12-09 21:45:00+00:00,48111.0,48141.18,48053.34,48092.43,58.01201,6.82461
2021-12-09 21:46:00+00:00,48092.43,48139.7,48062.49,48101.85,56.64367,-12.99937
2021-12-09 21:47:00+00:00,48101.85,48101.86,48012.99,48022.4,22.17756,-10.66244
2021-12-09 21:48:00+00:00,48027.21,48029.99,47966.81,47994.29,36.71756,5.15286
2021-12-09 21:49:00+00:00,47994.29,48067.51,47982.49,48053.47,26.82734,14.54048
2021-12-09 21:50:00+00:00,48047.01,48084.82,48018.38,48038.6,19.35252,-2.0074
2021-12-09 21:51:00+00:00,48038.61,48100.0,48036.03,48100.0,18.53592,2.73984
2021-12-09 21:52:00+00:00,48100.0,48110.93,48035.0,48045.36,21.73614,-2.16454
2021-12-09 21:53:00+00:00,48045.37,48110.86,47986.55,48020.12,60.12551,31.48043
2021-12-09 21:54:00+00:00,48020.13,48076.97,48013.92,48054.14,13.72089,-0.91793
2021-12-09 21:55:00+00:00,48054.13,48054.14,48003.11,48012.24,14.14883,0.42463
2021-12-09 21:56:00+00:00,48008.23,48026.95,48000.7,48008.44,8.11234,-2.38478
2021-12-09 21:57:00+00:00,48008.44,48053.83,47986.36,48018.45,18.30073,2.98889
2021-12-09 21:58:00+00:00,48018.44,48018.5,47915.76,47969.21,42.21731,-14.96107
2021-12-09 21:59:00+00:00,47966.86,48011.99,47962.86,47980.29,26.82471,1.76781
